category,kruskal_stat,kruskal_p
dairy,3.394999999999996,0.18314080422491535
fruits,4.560000000000002,0.10228420671553735
veggies,4.159999999999997,0.1249302121985826
